sha256	path
c9eccbcf3cdd610d7e6be1aa00f1ef193bdf5572e457f062cc667d978187d15a	upstream-fuchsia/src/media/audio/drivers/intel-hda/codecs/realtek/BUILD.gn
da6cf009102048c97fb3a42da09ebcd749d3647abc4e45ea2ab603c0a8e0ee6d	upstream-fuchsia/src/media/audio/drivers/intel-hda/codecs/realtek/debug-logging.h
4d82311a668610f3b02532ee44d72db9a5bf3f648f29b0dd009dbfd1c3f8fc49	upstream-fuchsia/src/media/audio/drivers/intel-hda/codecs/realtek/meta/bind_test.json
a61a4a23fdc04f3cce006ab68aaaaa53a218b9214d1cf781d9260a096bea3369	upstream-fuchsia/src/media/audio/drivers/intel-hda/codecs/realtek/meta/realtek-audio-codec-info.json
febeb01af68c46117a0a3be25a76712a8f5e2e6170ea674d3ab684981e323441	upstream-fuchsia/src/media/audio/drivers/intel-hda/codecs/realtek/meta/realtek.bind
3a7aa19ef65bb5160db1159d3cb253860422909cbec84cbba46aa87d8af1b496	upstream-fuchsia/src/media/audio/drivers/intel-hda/codecs/realtek/meta/realtek.cml
21d217528abaa6a4ccf4880d149db3fbcc19b7e2f6b63e017850609d82887a38	upstream-fuchsia/src/media/audio/drivers/intel-hda/codecs/realtek/realtek-codec.cc
044d38802fb0f19088d9cd0be6c26b3ceee4a051915e6affc67e8cfd49c02b39	upstream-fuchsia/src/media/audio/drivers/intel-hda/codecs/realtek/realtek-codec.h
fcc8be28ce07a2ba55da030e77eace317fdf09c1763146ca6e821c6f7e328d0e	upstream-fuchsia/src/media/audio/drivers/intel-hda/codecs/realtek/realtek-stream.cc
5f04dbefa77bd1c445e135be291d2301fac792c05b0e8f597cd38882b3d038a7	upstream-fuchsia/src/media/audio/drivers/intel-hda/codecs/realtek/realtek-stream.h
7249fe0df6c9faa72d556d4912cd32ec9daace556a9b81f93e9c1c14fa14c37e	upstream-fuchsia/src/media/audio/drivers/intel-hda/codecs/realtek/utils.h
69eb410682473871f6dd821a57d9af228a7f8783907da94c8a71a0d8d6e882ea	upstream-fuchsia/src/media/audio/drivers/intel-hda/controller/binary_decoder.h
0f68fafe3e31971de01b790f93a5adbe65bfc17ac8338f0b6e2d78fb3ba5fe3b	upstream-fuchsia/src/media/audio/drivers/intel-hda/controller/binary_decoder_test.cc
fedeffea0397105c84f1675221013a3f813be2b847c0f040c6d1a7f96b32d570	upstream-fuchsia/src/media/audio/drivers/intel-hda/controller/BUILD.gn
18d8348e864f82a2ecaa739eccf3b1b6fc66f772c5dc24c0578ae7e8ebc08eb0	upstream-fuchsia/src/media/audio/drivers/intel-hda/controller/codec-cmd-job.cc
1461443ca29bee0a5a3eb0e2e2a537ad6c2d4fda52bf81ebebb6862512ae50b9	upstream-fuchsia/src/media/audio/drivers/intel-hda/controller/codec-cmd-job.h
f823607f2d1402f46d8c8c65fd720ca120252b99c0cacd853e2a6e762321aeae	upstream-fuchsia/src/media/audio/drivers/intel-hda/controller/debug-logging.h
20ed6f183d34f88c58cd390950b9f753b85d71c311e7d7a4490d9c55380c5480	upstream-fuchsia/src/media/audio/drivers/intel-hda/controller/device-ids.h
d33b2381d59832752a93aa2b083eabddf313319c62a69a5b965724a5e1b6f6e2	upstream-fuchsia/src/media/audio/drivers/intel-hda/controller/example-nhlt-data.h
6226eb8cb66b15b2a4086a4dc3375855d3c5ce1fe644aeccd8d37c3f8a0567bb	upstream-fuchsia/src/media/audio/drivers/intel-hda/controller/hda-codec-connection.cc
94ab6262eca5964937962888de3fb8c7f438f6e8c113b536f0f86b3adce40c61	upstream-fuchsia/src/media/audio/drivers/intel-hda/controller/hda-codec-connection.h
7d4c96d8aa24654f995f9ad91a027852ea427901bd1e634d08e804e0dcaa7e02	upstream-fuchsia/src/media/audio/drivers/intel-hda/controller/intel-dsp.cc
cca25777b3404df78930aa9fabf7188096b9734ff18b1ff189c4b418a2fb3892	upstream-fuchsia/src/media/audio/drivers/intel-hda/controller/intel-dsp-code-loader.cc
e9204a5714ead5d8c4bca26c5b122380486a80daf6a233bb84a6db192536b40b	upstream-fuchsia/src/media/audio/drivers/intel-hda/controller/intel-dsp-code-loader.h
fdc2b1074cc0b76a0a836b7fde71570acbae8a819564a6e7e26937ed82ee2f6f	upstream-fuchsia/src/media/audio/drivers/intel-hda/controller/intel-dsp-debug.cc
a2386dcc5a42830d5935e460eb18596804c568ddd2f941698b3e891ce4f4711b	upstream-fuchsia/src/media/audio/drivers/intel-hda/controller/intel-dsp.h
2495a6db49fd4c7745f8e1afc38cb0deb8eba8a45002f64d0b939b2877bebb45	upstream-fuchsia/src/media/audio/drivers/intel-hda/controller/intel-dsp-ipc.cc
3acecb7e43f5439475766ae1fab928943ef1a7cb1efa1a0300fc9dd837c86c34	upstream-fuchsia/src/media/audio/drivers/intel-hda/controller/intel-dsp-ipc.h
31f1d0c9d8346427ac94f2ba5102eb9762f424daa2aedda662f91dea05be879a	upstream-fuchsia/src/media/audio/drivers/intel-hda/controller/intel-dsp-ipc-test.cc
c87e9fccaf6a5ba6d5ad224295878af9b9933bcabe8074e92e75dcb99693523d	upstream-fuchsia/src/media/audio/drivers/intel-hda/controller/intel-dsp-modules.cc
93c06bd30f09c82da89c034e02006cb65cb39604a5ba1ad9dbb0e5217dc1d640	upstream-fuchsia/src/media/audio/drivers/intel-hda/controller/intel-dsp-modules.h
84b744bd51d2d2e0a232d1f667b9eed9a087083c8772e776c92cef1a7060ebd2	upstream-fuchsia/src/media/audio/drivers/intel-hda/controller/intel-dsp-modules-test.cc
a767cdd9fd0c8ab2f49cdaffe320bc824af0785ba38fae474bd8bda93ad52b96	upstream-fuchsia/src/media/audio/drivers/intel-hda/controller/intel-dsp-stream.cc
fb01c43c3f4146801d428a631528b668eb075b95a402576810f0f8b797e08d82	upstream-fuchsia/src/media/audio/drivers/intel-hda/controller/intel-dsp-stream.h
c7d7c2e93f38772d4ad907658c990f0e3b342b2cdb965cb856bc0da26d1e4d55	upstream-fuchsia/src/media/audio/drivers/intel-hda/controller/intel-dsp-stream-test.cc
fd3fb981219aeee66f12ea0e4680de47594c332f0a2b27eb02485355d75755fd	upstream-fuchsia/src/media/audio/drivers/intel-hda/controller/intel-dsp-topology.cc
7b5c11c807f31eda4c79aa8ff5131206dfc559c683928f2dd1303190235e3bfb	upstream-fuchsia/src/media/audio/drivers/intel-hda/controller/intel-dsp-topology.h
4590638ac02cc810872e4eb970570f1916b2d86386314c27363ecfbc5107f652	upstream-fuchsia/src/media/audio/drivers/intel-hda/controller/intel-dsp-topology-test.cc
78e412325276e132f55b76885447aa1f29ab860b869ad2440217517fb40cd963	upstream-fuchsia/src/media/audio/drivers/intel-hda/controller/intel-hda-controller.cc
e3f8e1f278f755ca63b33cd47fdc5900444205fe126aa7a34104af28eb1022cb	upstream-fuchsia/src/media/audio/drivers/intel-hda/controller/intel-hda-controller.h
e48e24d3de2938c186bfb5693dae938e55d37bec8a71cff5a1738b7c490537df	upstream-fuchsia/src/media/audio/drivers/intel-hda/controller/intel-hda-controller-init.cc
a7491c8be9f4ab066b83d0ed66d1c87198ac71cf1b6591efb226ad2130f49eed	upstream-fuchsia/src/media/audio/drivers/intel-hda/controller/intel-hda-controller-test.cc
4c53a1866cbf0aaa2862b08881b880e817c3cd09f032a483426df163fcf4d443	upstream-fuchsia/src/media/audio/drivers/intel-hda/controller/intel-hda-debug.cc
315e35b0b024562c29c721a2fc28111ec8e3477cec6d4aa54f05cd496b2beb2c	upstream-fuchsia/src/media/audio/drivers/intel-hda/controller/intel-hda-irq.cc
7d4fd55722399ea26d16dcf0d786b0e0015aa95a5a4ac10fad5004f8a4c022fc	upstream-fuchsia/src/media/audio/drivers/intel-hda/controller/intel-hda-stream.cc
e26ad39c9507f7e5b57ae90fcb103fa255c52994584b280af6c669b19c4215c4	upstream-fuchsia/src/media/audio/drivers/intel-hda/controller/intel-hda-stream.h
e430094031be8f4cd36c87a9ba657225bf283c73b0b1958e124bdd249f1d7326	upstream-fuchsia/src/media/audio/drivers/intel-hda/controller/intel-hda-stream-test.cc
0b79205d673bdbd6afc5001125f4b878ee33d241fb616768e52fef325164f483	upstream-fuchsia/src/media/audio/drivers/intel-hda/controller/meta/bind_test.json
af058b6bbacef651fabeb803475a7120744c99277efd05f181cf26d18529a1f5	upstream-fuchsia/src/media/audio/drivers/intel-hda/controller/meta/controller.bind
39e36d59e87dd1f81a16df930b341e0bc1261a4cbe954e09e8bb682d354b5ffb	upstream-fuchsia/src/media/audio/drivers/intel-hda/controller/meta/intel-hda.cml
30327680d28182a32b355a9aea905cd0cccc20fc8b41703d5a45626dc9b933ce	upstream-fuchsia/src/media/audio/drivers/intel-hda/controller/meta/intel-hda-info.json
434736beddf959f212b26d9537a03a0924ec1ae91fe0c1e988d8dbb1099f522e	upstream-fuchsia/src/media/audio/drivers/intel-hda/controller/meta/nhlt-fuzzer.cml
3f456159115ea1ce7529f57ccd6921bf5f5252239b48a755b8342d5c9e6b633f	upstream-fuchsia/src/media/audio/drivers/intel-hda/controller/nhlt.cc
545694bb6adde73c4a6bf11d1fb18944eca93a613a219e317d4aab77e7ba1bcb	upstream-fuchsia/src/media/audio/drivers/intel-hda/controller/nhlt_fuzzer.cc
904860b3ff5d0c3e34f463cb800340580d241e157e9660f97416e630e19fb082	upstream-fuchsia/src/media/audio/drivers/intel-hda/controller/nhlt.h
f98837c787715be8da8178aa9d96961a97198c20ddf91ff457ead8bee924103d	upstream-fuchsia/src/media/audio/drivers/intel-hda/controller/nhlt_test.cc
f30481aae1e8b353c85ef0aba1dd99e96c68ef3a48d79d063d24ad888c35bd03	upstream-fuchsia/src/media/audio/drivers/intel-hda/controller/pci_regs.h
85092833ec6135eaeac06ad2a2551ac8ef879a5959b5c13285fe0eaa4fe49638	upstream-fuchsia/src/media/audio/drivers/intel-hda/controller/utils.cc
3611444c5282cf04ef4ca582fdef5c758c2b5a88e817c09e8ed752a8c3f37d30	upstream-fuchsia/src/media/audio/drivers/intel-hda/controller/utils.h
b597fe89f76db91c172d931a4883aad07d776df3e6b6b490ed57477513d2a2f9	upstream-fuchsia/src/media/audio/drivers/lib/intel-hda/BUILD.gn
6c23baa3f2a762b3ea4e03f77da24e9e7af0d7833b52a468f601b57fa8909ea1	upstream-fuchsia/src/media/audio/drivers/lib/intel-hda/codec-utils/codec-driver-base.cc
401a92de8846d244a89b5e25ef1dd92bb1ffbe5c299559d7c807a7b118643fad	upstream-fuchsia/src/media/audio/drivers/lib/intel-hda/codec-utils/dai-base.cc
53de107af1e803d769dde1f25cfba1c4faf4d89df7d9e65cacf522ebdc2bc193	upstream-fuchsia/src/media/audio/drivers/lib/intel-hda/codec-utils/debug-logging.h
9254b863adc794222ba0866d7a3b718c8da9292266d10c2a675c87d398be8615	upstream-fuchsia/src/media/audio/drivers/lib/intel-hda/codec-utils/stream-base.cc
2736041f53236832eab5d9a88c6f70241165cf8cce03278421547f58b8e5afa7	upstream-fuchsia/src/media/audio/drivers/lib/intel-hda/codec-utils/streamconfig-base.cc
ecb53531880492cef60151c51a74a8f74b7bc359a56f6f796774a1a07bf1b9a1	upstream-fuchsia/src/media/audio/drivers/lib/intel-hda/include/intel-hda/codec-utils/channel.h
666286dd4190f0e00bbc32b0ae08a189911038c91294715471123c9f8aa2471a	upstream-fuchsia/src/media/audio/drivers/lib/intel-hda/include/intel-hda/codec-utils/codec-driver-base.h
476f808de9bac4c51ec37d8d40cab395bf5ba2092a5c02e788268243c32c98a5	upstream-fuchsia/src/media/audio/drivers/lib/intel-hda/include/intel-hda/codec-utils/dai-base.h
432baf23cd1ceda6d84af44c5071ca15e2330a7a3d6765007aaf24fd598149b2	upstream-fuchsia/src/media/audio/drivers/lib/intel-hda/include/intel-hda/codec-utils/stream-base.h
f6ca3cda75213eabaf211018e2d5857c6dec4bfd87f93917cbc6bc4e43afda1f	upstream-fuchsia/src/media/audio/drivers/lib/intel-hda/include/intel-hda/codec-utils/streamconfig-base.h
c3370de412e4163eee9a85f514206c352680d854ec7db14910f5c4dfec864cfe	upstream-fuchsia/src/media/audio/drivers/lib/intel-hda/include/intel-hda/utils/clock.h
cb8de14239d51110118eea330b549887073bb04791625b70c99039891074bd09	upstream-fuchsia/src/media/audio/drivers/lib/intel-hda/include/intel-hda/utils/codec-caps.h
03235625f0e027eca33da6efe276e9017985968aac2c138fc5cc813b13818cfa	upstream-fuchsia/src/media/audio/drivers/lib/intel-hda/include/intel-hda/utils/codec-commands.h
c69aa4d8127cd96d9379066b2d8dfadd581030f6aaac3235884d487642bfb584	upstream-fuchsia/src/media/audio/drivers/lib/intel-hda/include/intel-hda/utils/codec-state.h
f86a868823405bea18dff52c083555b318a7722f27e32a2621916e83920a3282	upstream-fuchsia/src/media/audio/drivers/lib/intel-hda/include/intel-hda/utils/intel-audio-dsp-ipc.h
6eaca7ba756ea3b3bda813c86e3094a1624f52ea8820865d846ade3c824d15d4	upstream-fuchsia/src/media/audio/drivers/lib/intel-hda/include/intel-hda/utils/intel-hda-proto.h
15de69b7734f04531d9b4ad6be82bfbcabc85724e0433f3a446cd4b4861f4c15	upstream-fuchsia/src/media/audio/drivers/lib/intel-hda/include/intel-hda/utils/intel-hda-registers.h
ea001b8ebe440b72ec18e9f91be17bdc7a3f5d4672988c9fef6861de71fc93e8	upstream-fuchsia/src/media/audio/drivers/lib/intel-hda/include/intel-hda/utils/nhlt.h
755b93c5668b87ee05c8e534f0177ca1e4f382185229795e7203cf79e0e360f2	upstream-fuchsia/src/media/audio/drivers/lib/intel-hda/include/intel-hda/utils/utils.h
54a639a7e92791bf54c2997e300696beef42945fc395f9c46d500e2e365aa299	upstream-fuchsia/src/media/audio/drivers/lib/intel-hda/test/BUILD.gn
9c936b03c8d7e69e7e73cbb725d40abe23af101b87a73157816b1e64e25b04bd	upstream-fuchsia/src/media/audio/drivers/lib/intel-hda/test/clock_test.cc
364913f4742e34591d342317a0c4631dbe56b3329d88a9b9864f115836e39f76	upstream-fuchsia/src/media/audio/drivers/lib/intel-hda/test/utils_test.cc
5febba93d14c4175dfdf1078e6051eb857e4521425a15f8fdbb560398851145f	upstream-fuchsia/src/media/audio/drivers/lib/intel-hda/utils/clock.cc
c1034f74c6be80ca0cd3b9c70c359d5d7bca3035c23be7e93678835b14f9cb97	upstream-fuchsia/src/media/audio/drivers/lib/intel-hda/utils/codec-caps.cc
6cee588a6aff2dd8db0e3645a8f3595937d9a08d5ce210daf37e42c6d45ea34d	upstream-fuchsia/src/media/audio/drivers/lib/intel-hda/utils/utils.cc
